0,1,2,3,4,5
6.48081568288356,-3.170684959222952,-1.9167500077829147,-0.12027523007710908,0.1853602381633495,-0.03311414727177048
6.481437786976368,-3.283828115570999,-1.8525102086005774,-0.13380573545909424,0.18546123952536203,-0.028296456528233038
7.480526632943207,-3.2170084683201745,-1.8261112162623387,-0.14093301966839303,0.1858318249993817,-0.028370535090490194
7.481033765401125,-3.2736183508225167,-1.8090464212298536,-0.1400185660594232,0.18550526156577413,-0.028542320128712943
5.480563427315756,-3.2997531662807655,-1.7284745371705579,-0.11720840544131284,0.180882979571299,-0.03050264068613213
7.480196429335141,-3.2773606644703546,-1.699380104964457,-0.13332698616870867,0.18248163132091766,-0.030272637141719343
6.47956617613702,-3.2334917499273907,-1.6863774990514073,-0.11951458840948584,0.18067222350715617,-0.03208235904471004
6.478812144382318,-3.1790378324877135,-1.669575191829424,-0.11828878509765903,0.1801071981875889,-0.03234788673092953
6.477787161005148,-3.0669193947102187,-1.7007427679867548,-0.11981970942838462,0.1807617244534938,-0.03192527608394457
7.4772646535865075,-2.998364452608969,-1.7251840773483904,-0.13001500631575905,0.18253368844401335,-0.031168312035254206
6.4782063214089085,-3.0650481368527354,-1.7555735198829143,-0.12314607209074499,0.18228215147386162,-0.031059706807744045
6.479763531969079,-3.1747853768918106,-1.7942007083011544,-0.1259445910414274,0.18353535562395526,-0.030456271380965308
7.477684525253985,-3.0512254191469204,-1.8048808631113893,-0.23824236461956141,0.13936196248030022,-0.03708232168693958
5.478325831979255,-3.1302153077737254,-1.78797218894605,-0.21954228046013208,0.13659636931941477,-0.038060215036034406
6.47947940458761,-3.229742434089253,-1.7831292076079157,-0.22856711854617906,0.13782971891818124,-0.037700341880076114
6.480256175511502,-3.2262725494603823,-1.884824790030558,-0.23477502035033485,0.1406820193821165,-0.036141408834757055
7.481546074266003,-3.267365725354701,-1.9798342398537216,-0.24974674223630658,0.14460031045171787,-0.03431211763499769
7.480034506346961,-3.2152462956538574,-1.8652904531230607,-0.24252199801026555,0.14132434151916062,-0.036066359862557885
6.479541837992026,-3.112940091030677,-1.9520844544981706,-0.23412251481464977,0.14543173939798973,-0.03643337494718075
5.480394711564368,-3.1211428693751686,-2.054375321566017,-0.231546116139247,0.1470134408725423,-0.035323687450437666
5.4797550986045795,-3.066178688847811,-2.0525284359930756,-0.231235771903764,0.14687215468977882,-0.03537676628443186
7.479124897231181,-2.986087381008258,-2.0723943738512016,-0.250117180050263,0.14971197304659864,-0.0343546280879246
6.476677097778451,-2.834521598430771,-1.9896449025447491,-0.23550715606620817,0.14596034360339735,-0.03605428343500368
8.476938303967058,-2.8091940018005563,-2.0461173678189897,-0.2599130676045452,0.14883938131427252,-0.03348948958795648
7.478186189126522,-2.9324551472769835,-2.0317514114108355,-0.2482415588876774,0.14370242917297626,-0.034944707850387516
6.479866651484199,-3.1114822957744517,-1.9950411269368535,-0.237632767015335,0.14174850254676508,-0.03577897147579277
6.480488005432025,-3.1675819630927453,-1.992934509212765,-0.2376995503420855,0.1417950775897375,-0.03578362891762716
7.4818623297216575,-3.323944361332823,-1.9351036843985185,-0.2436779549786796,0.14164933719941322,-0.03620354249981985
6.480533763252436,-3.2251995708400094,-1.9170133250490204,-0.233242854972898,0.1397692763327217,-0.036906043863657687
7.479771290429489,-3.1585935361173174,-1.9135019466640282,-0.2470789256222417,0.13114469373601575,-0.035271644837966666
7.4809484839026945,-3.2700315316885593,-1.9022737543824506,-0.24678606293310149,0.1310158253942601,-0.03538974231505155
6.47939150610108,-3.2301293593216647,-1.7723762340354094,-0.22970995527538526,0.12615185143111327,-0.03779288845653973
7.47818290519991,-3.0489927028328596,-1.8708947837256218,-0.24410377454722368,0.12977496586633203,-0.03600869297306643
6.476809213660579,-3.0082738033919556,-1.7649197975052882,-0.22847176209752446,0.1255532986655498,-0.03801889606688999
7.477871407670621,-3.108209177156383,-1.7481133909762991,-0.23677467716625838,0.12644845331829435,-0.0378507896019233
7.476159794910628,-2.998992012214123,-1.6931080558446605,-0.23529468277375093,0.13477071236896535,-0.037549438220973556
6.478536825557786,-3.175956854927325,-1.746164292655298,-0.230215896875861,0.13529500339264453,-0.03703482890373938
6.4779464587453015,-3.119721173321264,-1.7522600644224369,-0.23038985596857778,0.13537173446755865,-0.03696708615072038
6.476887912390268,-3.066628198817625,-1.6955803762238375,-0.22670542042458117,0.13374548828031438,-0.03785021746345404
6.477946495205216,-3.11972137877465,-1.7522642067251832,-0.2303950108627077,0.13539817257753617,-0.03697664786623567
5.475608506245672,-3.024468350191308,-1.6264431381408093,-0.23187141391802618,0.15949771897174045,-0.03180397052304229
6.476594057364398,-3.0669218825764495,-1.6815623157183812,-0.24432115913644006,0.16231100129333753,-0.030495408641899306
7.477991510454937,-3.165360553127141,-1.7086263885017834,-0.25528806206779225,0.16446396482014225,-0.029643470418008053
7.477838880410203,-3.1660409285479316,-1.688686025973593,-0.2540651138050101,0.16391113329212367,-0.029948469453413704
6.477979694760088,-3.11855239190374,-1.7811206332687466,-0.25064698110081574,0.16516660431718427,-0.028980984897135766
7.478927661631902,-3.218998192891261,-1.7493622143580554,-0.2580486245813862,0.16565764147883758,-0.029063215185839104
5.4788533747166674,-3.1862952453364395,-1.7854825193542392,-0.23134983987586255,0.12338175192748681,-0.03481073433561287
7.478935880208333,-3.16189534054286,-1.815205317391994,-0.2510357334609175,0.1265932097450824,-0.03362201368502557
5.481842916174641,-3.405280268809729,-1.8477383441318673,-0.23594012051174493,0.12547911582412552,-0.033738358385533275
6.480874470132518,-3.2819442947280657,-1.8943023081550916,-0.2474015192905073,0.12772858662465358,-0.03276788692287308
7.4811554833075995,-3.2686727567728204,-1.9405698567769882,-0.2591705672286877,0.13020669187183317,-0.031698289885052
6.4819023367546675,-3.335173518624277,-1.9469957932551445,-0.25078691919704416,0.12931469441619836,-0.03190541538187273
7.481078792521203,-3.2675776296059382,-1.9643392020728399,-0.28461706885270305,0.1856176027827956,-0.020704578764150033
7.4800389616539045,-3.213349054687821,-1.9116116786470208,-0.28121664691145387,0.1840357026274577,-0.021562693698071983
5.480497214746819,-3.2353332717163075,-1.9526695897034156,-0.2658399484995099,0.1827634559456825,-0.02164144196120811
7.479135869699103,-3.100686206929493,-1.9587294593942093,-0.283717327883028,0.18513007786749852,-0.0209009762116986
7.48042697336982,-3.211613678017067,-1.962452353812448,-0.2843591828284245,0.1853641338326717,-0.020796328366190917
5.480852295834203,-3.2918197317709486,-1.9378764224842049,-0.28980914192624907,0.1305135639470356,0.021323179309843888
6.480897307551791,-3.2796028696929564,-1.953237817632875,-0.299661531717671,0.13215407489679362,0.021974218392547817
7.4819175812251535,-3.3786748730570935,-1.9324075105028748,-0.3077003935260872,0.13293351014232338,0.02209407419904951
7.481826078679942,-3.3790831049070627,-1.9204434243785748,-0.3069665561018392,0.13260459954653406,0.021906471583945472
6.4817886197343055,-3.3912661275983407,-1.906082460821693,-0.29717241218352797,0.13101112940999096,0.021295795249436138
7.480744678567271,-3.3260921493032254,-1.860772592899104,-0.3031253659576953,0.13086857958946685,0.020952914737162587
6.4819224241633275,-3.449634779409342,-1.8370113432646604,-0.28877190190177854,0.1446515420945736,0.019609114703715992
6.481156803856348,-3.3941817812941495,-1.820181172075765,-0.28756182941998687,0.14411387828682184,0.019295096178885696
7.478783824107125,-3.218249854049024,-1.7661524959674448,-0.29257632909550096,0.14350373927059554,0.01878785972084917
7.479556871322383,-3.273669111484833,-1.783984595175043,-0.29382806123803656,0.1441274973028325,0.01912309847489622
6.478715849216588,-3.2305689216714986,-1.7478011871820156,-0.28247510055356667,0.1418514869573625,0.018155127569342983
7.4781590963290965,-3.2210394557078605,-1.684398054031072,-0.2875537107896886,0.14125167618070134,0.017552964725913684
5.477657826110582,-3.243713022719516,-1.6932010318868125,-0.35659535774434187,0.13202161409381108,-0.031368839515450726
7.4763045413254,-3.1090317592906938,-1.7002533185990556,-0.3744947976868857,0.1344209307076085,-0.030574399628910686
5.473590612168794,-2.912847753700724,-1.6551338786916188,-0.35307506598382854,0.13042609727641927,-0.032111493448447215
6.473765112877715,-2.9578743434845514,-1.605542898077334,-0.35917662477916507,0.13033745854507298,-0.03248517815264025
7.4745176755485785,-2.9424936403044772,-1.7136269409665892,-0.37478473651129474,0.13448933639622945,-0.030513034025240894
5.474809700773305,-3.0230465828471793,-1.6508241360944127,-0.352943980608078,0.13205662471346585,-0.03218095003319646
7.475513139250645,-3.054746372727011,-1.6784410523634534,-0.3727055673420018,0.13531016696753198,-0.03100381601368258
8.477458909974228,-3.20855725337333,-1.6953840095283983,-0.3832537895668564,0.1372380333710752,-0.030277033705145794
6.477391636123396,-3.1750673832612626,-1.749558363208919,-0.368516167017994,0.13627306658160956,-0.030233127126527582
8.476821972602918,-3.094704010255851,-1.7774026498315634,-0.38790837861414,0.1393250170463795,-0.029100632508769233
7.476495428376348,-3.0503577747672406,-1.8070512733182642,-0.3805207670014959,0.1389090033978402,-0.028972768929618264
6.476955903170628,-3.0604015310666144,-1.8555775835130677,-0.3723258319504686,0.14145744991000234,-0.029229657500757036
6.476928041867997,-3.0016484349410475,-1.9354536485393548,-0.3770810039236008,0.14352974649032196,-0.028089917053633322
6.47605215309993,-2.9477391014795518,-1.9027053702927497,-0.37491316652261486,0.1425412269322577,-0.028657642508988473
7.47738055053664,-3.046483873098738,-1.920795331322277,-0.3853500047975011,0.1444182885747926,-0.027961705084060057
7.477205493739192,-3.0472661313813054,-1.8978610617695315,-0.38396217774428026,0.14374089681685567,-0.028319774613658283
5.4789635575753595,-3.179460289822011,-1.9603052236323908,-0.38317894582757966,0.15880267988483843,-0.022997069016318178
7.476951303343818,-2.9888494953333833,-1.964479661982675,-0.40069245382141366,0.1610353740664067,-0.022261216826930025
5.478091154092519,-3.066661536868956,-2.011413597299907,-0.38590661552422106,0.16004527037369534,-0.022263288405149566
6.478288678094505,-3.111585825439229,-1.964809200724612,-0.39219467347420733,0.15999951683643449,-0.022580013686121857
8.479098931043719,-3.2006310899359094,-1.9244817341889262,-0.4080033384355983,0.16143989458448715,-0.022419900318227683
6.47898585297798,-3.2251670788562765,-1.8907707880385825,-0.3880712433344886,0.1581216487825667,-0.02367586335132541
6.478220447863799,-3.112137665736502,-1.9505862967016268,-0.3886585201327133,0.14056739558263834,-0.0246596911568645
6.478659147120636,-3.1690537787983497,-1.9245497412053778,-0.3872022197178875,0.1399946510526958,-0.02497799684221497
6.476624965096744,-3.0025707577843357,-1.9069781979180132,-0.38553484552044165,0.1392277468778548,-0.025329403235033736
6.478408366769302,-3.2279981311627393,-1.8097450412337688,-0.3803620379841444,0.13689333339290408,-0.026698632785380712
7.477744862531718,-3.161123196852691,-1.8142860584272253,-0.3893937822356254,0.13811138444399348,-0.026301886643053593
7.4773866842467225,-3.162722013380946,-1.7674258242168215,-0.38655675793174227,0.13677126092880895,-0.027045393367156546
6.477250453637536,-3.1757716326605125,-1.73003184776269,-0.3679635086292032,0.12016408900750185,-0.031121092353572986
6.477014712855558,-3.1768261957020316,-1.6991229926394154,-0.3660305973622939,0.119332062985528,-0.03154885297668051
7.478686164721251,-3.3318618245836578,-1.6801751334889874,-0.37439619401341745,0.1202597787315157,-0.031386984599258254
6.478854519920338,-3.343126265318464,-1.692731772834502,-0.36623430997494594,0.11941692029788427,-0.031568059688450036
6.479006671899204,-3.342445946443027,-1.7126729445549278,-0.36744529462662634,0.11998889808489047,-0.031258253815337554
5.478808439735528,-3.355306197108929,-1.678312048557974,-0.35738793995532436,0.11750952875109583,-0.031805892818263154
5.478570835893647,-3.3554769408992504,-1.6685205324110082,-0.37275017772567665,0.14396156802239646,-0.02539329076709252
6.47936972476549,-3.397713819285007,-1.7006818392479364,-0.3838690871798432,0.14611148020717885,-0.024519574792047014
6.479666205788424,-3.39638738864627,-1.7395724876325045,-0.3862938908692603,0.1472028736601954,-0.023974388170307264
7.477841175026394,-3.218006154170988,-1.7573304583396119,-0.3957273109644614,0.14857811390978048,-0.02340895246764434
7.476161895405202,-3.1088134067712208,-1.702755474811558,-0.39198272118036986,0.14688916465430982,-0.02430291063435195
6.476012053879699,-3.1209851817977907,-1.6865742809408202,-0.3929968567263004,0.14911676837863833,-0.02114079385344669
6.477021437309962,-3.1753498801358138,-1.7353161585085004,-0.39621333536423403,0.15054595776758284,-0.020399548812551776
6.477409047804563,-3.173614913754437,-1.7861641594201467,-0.39933388867346525,0.15195041553835664,-0.0196191761867535
7.478829126946649,-3.2719511677623476,-1.8162117468941543,-0.4104685871546553,0.15414463507332396,-0.018699775045570168
6.481956801056351,-3.502336706160628,-1.887035805071823,-0.4066381747854715,0.15530194339532716,-0.01786029889197654
7.480773087282077,-3.3792132857364523,-1.8990620663593039,-0.4087832041673423,0.15912653122998496,-0.019591808069288875
7.478715945122083,-3.1562723321518207,-1.9538928008171137,-0.4076128153359326,0.1539306002318721,-0.02047267094066584
6.480205794029318,-3.278328268402984,-1.9741615352328754,-0.4003089310251707,0.15347017961755222,-0.020466950207854516
5.479083005246869,-3.1786651130525816,-1.9829935587699423,-0.3915324455193269,0.15235175253251626,-0.020771495382381558
6.479851165201965,-3.221038142332691,-2.011168309738532,-0.4024094524242297,0.1544066679315271,-0.01998283137800646
6.479005973288267,-3.1669925357084794,-1.9824033889351977,-0.400445887004081,0.15352577316768098,-0.02042724430189972
6.479070986107884,-3.165905561137385,-2.01240065789438,-0.4253228232134993,0.11230881687044454,0.02328827598513984
6.477917111715211,-3.112187261189427,-1.9447168831545811,-0.4209713243729799,0.11033797795171879,0.022236022417125828
6.475894559642724,-2.9467033803617646,-1.9271748089542107,-0.4193176610645829,0.10953455205205694,0.021883063856409934
5.477993570550236,-3.1238600353047077,-1.9453126449603737,-0.41213685918365434,0.10912775967045339,0.021813302860859012
6.477284648202198,-3.1150109208317005,-1.861968048296168,-0.4159591719219656,0.10800919607612632,0.020912261314035396
6.476439559768885,-3.06096488455271,-1.833193700372571,-0.41395974735447666,0.10709661113652824,0.02049936781405905
7.475342660806712,-3.050087117510335,-1.7958211340275494,-0.5084529085110084,0.11510462341178442,-0.026769203076718942
5.477122400283937,-3.1828633374531314,-1.8446019357888466,-0.4939774828899526,0.11425525514542487,-0.026716312465770796
6.477205906083019,-3.2282982019208357,-1.7830469987418271,-0.4993218465347577,0.1138677384028776,-0.02727148687774003
7.476976697988641,-3.217305793823683,-1.7625118034316396,-0.5069854931324295,0.11447349649720677,-0.027181988883049374
6.475198784351028,-3.1205681092038215,-1.6855981336179637,-0.49297747634506056,0.11093244236765687,-0.028808865648076793
5.474899227469956,-3.0770648891275574,-1.6937216150846277,-0.45952027697435194,0.13873600749433337,-0.07349458631440337
6.475248667817507,-3.120978511869577,-1.6740121124910008,-0.4706565861723604,0.1676435683787982,-0.0709408053464103
6.474890797732589,-3.122577300784437,-1.6271503091863888,-0.46777742307214215,0.16633396986283366,-0.0716452207053178
6.475808511005593,-3.1773501803428013,-1.663926684650124,-0.4702341636964064,0.1674490732594457,-0.07106734462331496
7.4731651872160265,-3.0015757259690963,-1.5759680962378326,-0.4731199278958623,0.16595837304668873,-0.07205600563792058
6.475339611984423,-3.1205702319616115,-1.6859759441739572,-0.47141088027422,0.16795187855316676,-0.07077804047885382
6.47578599197969,-3.177782859766545,-1.6539865228687198,-0.4664017967997727,0.1390322226949377,-0.07366965326847996
7.476150803603909,-3.1641370065461594,-1.7112185172996814,-0.47881379426537457,0.14182463034221415,-0.07240829675986585
7.4773885194976755,-3.2753030024293235,-1.7079706478112917,-0.4790632873533578,0.14189078145295647,-0.0724443747092621
7.476478044455313,-3.162674286494923,-1.7540924567434457,-0.4814657136685067,0.14300299424560411,-0.07176663087681184
6.476504628295944,-3.115695942466594,-1.831569081231518,-0.477086234813346,0.14386798929535846,-0.0709870822777072
5.476162765817743,-3.1292396114310477,-1.7773256836782767,-0.46486252843871817,0.14113795505022864,-0.07221228316293155
7.477641057728144,-3.2152152468546498,-1.8265843403082451,-0.48786973957894775,0.14598480100640815,-0.0700079030080037
6.479084769497202,-3.2796536850910316,-1.9227769647688642,-0.4850378150414985,0.14755285695182527,-0.06889084240387133
7.478855591315496,-3.2686616226316128,-1.9022492162518885,-0.4927322996741492,0.14819373470974487,-0.06886354348428811
7.479380779450575,-3.3241359240729027,-1.8891382081009314,-0.4921532728996827,0.147869665366198,-0.06905160860561974
-103.50881085545711,-4.4882587732209975,-2.555359954875039,0.4588135396516923,0.03378962855397279,-0.10015074457148754
-104.50916656298892,-4.442776536759201,-2.6141273716843023,0.4324299658110614,0.002856634410279812,-0.0529656821810474
-104.5098226310756,-4.444473099449848,-2.557775552089486,0.41372638889750707,0.03822763400709731,-0.0447860835546759
-104.50949216553863,-4.384121084468419,-2.6845092084674635,0.40616041434532735,0.041646310153993005,-0.04287668530556133
-104.5127175863653,-4.1661906142806515,-2.5913446126524544,0.4126644411269166,0.038698367947933895,-0.04439387783032516
-104.5139779144301,-4.055126971754894,-2.591607506815627,0.4130783865385834,0.03857483674734288,-0.04442117982780732
-103.51293071998876,-4.212952042581631,-2.4909029636658206,0.4096988894824825,0.03719788900473129,-0.0455244758824955
-103.51259432461529,-4.21298107785188,-2.497856065503818,0.4379708603461259,-0.0003333130823522841,-0.05671680710992154
-103.51133328305696,-4.32404476901629,-2.497592106585393,0.437640152234736,-0.00013161665276667818,-0.05662135947375592
-103.51193473130468,-4.326732472714383,-2.4188318602706618,0.44246452308081546,-0.002289986081432793,-0.057829988856712804
-104.51241792033947,-4.2820333841545315,-2.4295081290401352,0.45094309116285164,-0.0032754703227644948,-0.058065216920006525
-104.51381133901954,-4.172615141125732,-2.4108558300494627,0.45249418569789396,-0.003984305405129028,-0.058383885044747987
-103.51555983114133,-4.109537560230644,-2.2747856254246654,0.45207361373956007,-0.006666148097433528,-0.06015067250680396
-104.51310129774667,-4.342513077892444,-2.2921920734399532,0.43047289200017747,0.018319569412860892,-0.049453191738350194
-104.51427098451113,-4.231041054635791,-2.3044169042681815,0.4301194002176361,0.01846955337889063,-0.0493072602702417
-103.51468241683855,-4.220865185775682,-2.259954324224141,0.42394704993679955,0.0184538249447422,-0.0495894976819217
-105.51461246805431,-4.244584644737995,-2.2501698455592116,0.4424332491261816,0.01580549117967233,-0.050458300150238056
-104.51504707363176,-4.234510855188452,-2.202717353816952,0.4364122289914014,0.015678874167010134,-0.05080384591457604
-104.51301201088957,-4.341811417123486,-2.311738012844093,0.42215539295664983,0.01637858150547653,-0.04690273884435467
-104.51456873322756,-4.231345429337283,-2.2905810741081316,0.4108444438278798,0.03726841867046859,-0.04197302343650809
-104.51565745009043,-4.178388351415377,-2.229910144826586,0.41476217375072777,0.03549618977179266,-0.04292193872519896
-103.51279093036726,-4.328083132653542,-2.3674955225677063,0.396823176857494,0.04080130203156188,-0.04035679774817368
-103.51367807420138,-4.273174402913693,-2.3347119682320887,0.3990209797132232,0.03982735497901359,-0.04091678093034787
-104.51276724063753,-4.339993973292703,-2.3611092725748564,0.40615390824969994,0.03944897280915606,-0.040835225468638194
-104.51316291522707,-4.2831428044832505,-2.3866993220152586,0.4091076653538017,0.03076843194978177,-0.04233112298106595
-104.51295771729279,-4.282224196000386,-2.413617439255137,0.4074312903247849,0.031479375498620565,-0.04194441394281548
-104.5128967336233,-4.281952230808729,-2.4215971392014715,0.4069426051827874,0.03172912983888201,-0.041829542856776356
-103.51410093910125,-4.159670829240097,-2.437251748130655,0.39744270181171104,0.03317718231433942,-0.04127786075123123
-103.517144682624,-3.8231795744686146,-2.5347441279656757,0.3926500095877842,0.035322646349556334,-0.039950940610264864
-104.51246337149945,-4.222191514050533,-2.5603323898957466,0.39861891062468097,0.035493589443668545,-0.039760401792797294
-103.51199913235031,-4.26558205670124,-2.5569335647504867,0.3833084018696868,0.04525053331370057,-0.03689117704455625
-104.51186141978154,-4.276982500355726,-2.565500625011217,0.39172514878483633,0.044296105777973126,-0.0371235535143755
-103.51298186832231,-4.154326859016595,-2.592122317784391,0.3815254525105229,0.0460183469047073,-0.03642316183045884
-104.51322450824077,-4.167428386185163,-2.550841577719137,0.39297810538735856,0.043690215706449195,-0.03745330207759824
-104.51270683483698,-4.222936840731312,-2.536735701519357,0.39364489224641797,0.04337490235835161,-0.03761713719535007
-103.5121891594112,-4.209376652477496,-2.5955026775770795,0.3951843040329354,0.02489683420198178,-0.041965660774251415
-103.51247037548553,-4.26845693579626,-2.4767069599922413,0.40226618556403715,0.021661574792916315,-0.043751227255624706
-104.51152921043786,-4.335140610989209,-2.507096298923258,0.4091343833494083,0.021405472900179686,-0.04363654757522596
-104.51269072904105,-4.28145644539621,-2.43841928214266,0.41349306141284947,0.01938289099754886,-0.0447593852791719
-104.51101413849753,-4.449538430099185,-2.4091308394512354,0.41476852551914606,0.01891865880581038,-0.045060544031395214
-104.50963928341956,-4.560091935679543,-2.4238251249635687,0.413471027165423,0.019506840268250232,-0.0447821600349387
-104.5110267408759,-4.447946618933791,-2.449365211673731,0.3739542745714725,0.0033853124598093617,0.004975380870174981
-104.51203564974556,-4.393582099730121,-2.400626227532674,0.3771960383123218,0.0020053358487496964,0.0042490910123704866
-104.51383692582166,-4.28493341304381,-2.3300950960177853,0.38188835264610865,-0.00018700328919382783,0.0030924661812470958
-103.51561208942935,-4.165203392895603,-2.2709725984451374,0.3769750351115574,-0.0008263065832073167,0.0025330314899518294
-104.51444601969217,-4.229833039046216,-2.3322330536266107,0.3819976935823432,-0.00020600605974057033,0.0031628118452106608
-104.51688701820628,-4.066220524942039,-2.2598603996079825,0.387061987193335,-0.0024384454335772045,0.002003943205639536
-104.51713162583904,-4.122475693838666,-2.2161460798801644,0.3219403276704431,-0.025619956639773164,-0.053868745990033044
-104.51755880042477,-4.06655903945479,-2.242219173861746,0.32044444901187924,-0.025055192466098934,-0.053585656461922135
-104.51551314683034,-4.231940514460689,-2.2627438126702977,0.31866789698019404,-0.024173208187643992,-0.05312192630747252
-104.51570384702555,-4.174969225767647,-2.319721177516128,0.31536915028689894,-0.02268447258559787,-0.05227954709870113
-104.5159401958393,-4.1760241594154,-2.2888222414747914,0.31719214356526276,-0.023546825696986042,-0.05282943857524235
-103.51450593686522,-4.273672769230677,-2.3115785274374367,0.3153737279947453,-0.026114889048743973,-0.05520777269847636
-105.51345730617328,-4.351892916507107,-2.346546521085349,0.33087313132581375,-0.02746589880065765,-0.055419066270819335
-104.51095196547244,-4.562075660362928,-2.3534082153755485,0.3207262697407114,-0.025729175576269595,-0.05482233002549099
-104.5098785735289,-4.557279159237575,-2.493990717505048,0.31210084662847354,-0.021810803170683686,-0.052694745593634774
-105.51039206199373,-4.512715964005667,-2.5006746979100476,0.32085248699483204,-0.02291098680568093,-0.052958877847965824
-104.50975659081816,-4.556734676809528,-2.5099386665891763,0.31115270725785626,-0.021372643547992717,-0.05241593407652236
-103.5112486846842,-4.432730536955855,-2.5366922562613183,0.26464643337945093,0.030783648442926567,-0.03732662851659918
-103.51113404412037,-4.432220086899326,-2.5516435603156697,0.2637594832557694,0.031198511942514155,-0.03706654413686715
-104.51296998468567,-4.276865439674043,-2.5506181859491863,0.2732890506879257,0.029655376473518288,-0.037590403390994044
-104.51293941121021,-4.276729496877105,-2.554609223273899,0.273032238562233,0.029777481630372117,-0.03754694902701944
-104.51369347663491,-4.222275808881963,-2.5378112006756424,0.27425761775981067,0.029251345901079896,-0.03783690157936562
-104.5122268377983,-4.332420850185994,-2.5644639386479664,0.2722742123693937,0.030176819019546483,-0.03733071487254424
-104.51333421943117,-4.220837290907476,-2.5811107746939252,0.2738991129062202,0.020544106806446923,-0.038347963527453385
-104.51360073571992,-4.222028125635076,-2.5462195806032093,0.2760027748924072,0.019573988270782567,-0.03891707151573355
-104.5132429096039,-4.220429114918184,-2.5930769284873247,0.2731309685850653,0.020855888092948034,-0.03819786525241247
-102.51132418318716,-4.421218466327922,-2.532545952009443,0.25818828075937894,0.021924822724079012,-0.038270038450191196
-104.51065261141053,-4.500072368341502,-2.5196274847727156,0.27663311814838254,0.019275218536569126,-0.03919951909685589
-104.51142338777073,-4.445610702431963,-2.502683020262386,0.27617136702871753,0.01966895323848607,-0.03880212535674576
-104.51219663445117,-4.390191472790374,-2.484850348392288,0.2774653013697856,0.019083449867731393,-0.039101377984643276
-104.51059599268189,-4.616435191430747,-2.3636858453102336,0.2841355675643485,0.01609246279042465,-0.04080273634809217
-104.5119332538942,-4.447889589027117,-2.435874557050652,0.2803061040858584,0.01779286705270892,-0.039777592997321934
-104.51211583231864,-4.44870644461223,-2.411954160816209,0.2817638854778762,0.017182960363210018,-0.04016524686375333
-105.51383261687727,-4.351696628387052,-2.343016129283211,0.295319920544096,0.013895449676629455,-0.04163400765431751
-104.51320574436359,-4.453657678058372,-2.267708750411357,0.29083219810011957,0.002429370918993935,-0.04294685374752575
-104.51493826266817,-4.344703122237908,-2.206154913137,0.2950420102296039,0.0005825411919736791,-0.04390428782954881
-104.51346861839164,-4.3959592709935,-2.316676863167429,0.28806730339251746,0.003740450950135359,-0.04220157659234772
-103.51413974843474,-4.386940173351358,-2.2383213899516896,0.28384860422426317,0.002698308078699931,-0.04310621429904963
-104.51409335346102,-4.398748896265469,-2.234924776850886,0.29301457479227117,0.0014311918782096244,-0.04350586574361163
-103.51522899211889,-4.275239073339256,-2.257693147506718,0.2860941403985559,0.004110059598076301,-0.04381786031751996
-104.51431596240984,-4.340985136695636,-2.3098415761580435,0.2725810893624553,0.036349158828754904,-0.03552478712285956
-104.51636827837251,-4.175637496870187,-2.2883137003977883,0.2745234987150851,0.03550309522607057,-0.03591844315954117
-104.51518018212906,-4.285974065003551,-2.2800423496499445,0.27464774796277636,0.035458225785737825,-0.035982346686262864
-104.51294100875452,-4.4515385624495325,-2.324533409005737,0.27132116108603105,0.036956225498595716,-0.03521025801512951
-104.51101793956681,-4.559642849441443,-2.4110165552746414,0.2655827774157514,0.039523333165889206,-0.033876369007232635
-105.51240144349356,-4.402604503367428,-2.461742089756387,0.27630159371774,0.01785761497542204,-0.03601062454311833
-104.5119182231345,-4.447303599222109,-2.4510658413472157,0.2678250952847202,0.01884717714642176,-0.035778579630789516
-104.51177325834782,-4.446657183425017,-2.470007760103481,0.266676408925563,0.019375823556988088,-0.03547924332036286
-104.51122536038513,-4.5020296124436845,-2.4598917135813108,0.2670602814463772,0.019154724723724176,-0.03564304007462816
-104.51273762397472,-4.3342666879670295,-2.5091540357410977,0.26463056143856745,0.020249769371952456,-0.03497502191019727
-103.51331366484413,-4.265950131927095,-2.5266219574092585,0.254827156485954,0.021836046019948856,-0.03436431517641447
-104.51399583377372,-4.28033668381862,-2.444101609567801,0.2564166952816677,0.03715082279242839,-0.03096561054557931
-104.51321955718903,-4.276866735305776,-2.5457967488531166,0.250182631818177,0.039968175956923785,-0.029415568799815092
-104.51218766576105,-4.331129305356131,-2.5975267737124303,0.24685041093707483,0.041517099458299435,-0.028542609970142758
-104.51233191647817,-4.331775502404245,-2.578580630584476,0.24800578825742683,0.0409637941561997,-0.028830922039192707
-104.51471225129049,-4.167890723545873,-2.5141828149322647,0.252547172753526,0.038906333637912564,-0.029890429714789616
-103.51360258379967,-4.2662612425688975,-2.512902398739515,0.2361729966158964,0.037761916269466254,-0.027253853482905765
-104.5133210308238,-4.276976845267639,-2.541330984942264,0.24258961398679318,0.038624291269100525,-0.02691451915784079
-104.51257042746197,-4.390319907974099,-2.4742704200668193,0.24629411584582012,0.03693878485345606,-0.027892720750896743
-104.51353436824469,-4.277929389111992,-2.5134147941337917,0.24430028102617926,0.03785047136973902,-0.027339456160341145
-104.51273051227419,-4.333212504673951,-2.5352347907153048,0.24276509713994066,0.038545319954343946,-0.026978344427189337
-103.51412096537192,-4.268535833161248,-2.4460185386194286,0.23953347660809746,0.03718289270470467,-0.027974809311001467
-103.51301961789432,-4.377122384793054,-2.509094862622545,0.1525905073247405,-0.011511380927319816,-0.04096513188738233
-104.51546795038539,-4.22555660124565,-2.426345525072834,0.1671898120205699,-0.015279234344904734,-0.042657652478813445
-104.51420459578137,-4.277731345684426,-2.50995226154196,0.1617690323131784,-0.01293513686041647,-0.0414495490233514
-102.51433053108015,-4.31313887465999,-2.4288867271097434,0.14873823809888984,-0.012688819576544242,-0.04185020982319004
-105.51397830279952,-4.347612578003269,-2.4466161771796497,0.17444752126625482,-0.015771123050193292,-0.04269585565108049
-103.51663051481043,-4.102037562802613,-2.4489433838746826,0.15723688060283492,-0.013690674812034603,-0.04201845270668978
-103.51342109374995,-4.436851953093461,-2.395315804779698,0.14326444467645735,0.01829036030905703,-0.035844000877530355
-103.51515066969263,-4.26900818517383,-2.4176250051179315,0.14249158920361926,0.018636286988687734,-0.03558691062170028
-103.51497836296919,-4.327114989713599,-2.3566937491869777,0.14607224417858392,0.017087815286519592,-0.036452261000279096
-104.51650524819881,-4.171432959579592,-2.3945843591035363,0.15326295129967496,0.01666984638113789,-0.03634285639803958
-103.51516584411199,-4.211254565707843,-2.4975347314365774,0.13781994560862926,0.020806332040143385,-0.03437928101889183
-104.51672949303496,-4.172513353437838,-2.3641231830606397,0.15431962987151968,-0.0014453836310818228,-0.03740345483923686
-103.5169778916447,-4.102733942046549,-2.42446184470887,0.14189384551444725,0.0013286811762146327,-0.03613199848377022
-104.51789918652102,-4.06104141014681,-2.3763506569762525,0.15392871666502897,-0.001308950891299508,-0.03730437238254945
-104.51681020514988,-4.113998490292125,-2.4370216550307497,0.15001108029136853,0.00046527028548434086,-0.036358324583124005
-103.51524495624449,-4.211688703633685,-2.4860173407114865,0.137769464165055,0.0032752049874320895,-0.03510448350083487
-104.5154652811964,-4.224688015695657,-2.4477253953801825,0.14900852819491267,0.0009746590599049937,-0.036092183823460425
-103.51538574876743,-4.212488651173571,-2.4634022824098487,0.14242235248293564,-0.0008846377962417025,-0.03674829335186257
-103.5158961760821,-4.214767907519589,-2.3966021851971484,0.14651280847488274,-0.0027437257872430193,-0.037767909076286584
-104.51569740925127,-4.2258961226058736,-2.4131431307938307,0.15445955788898122,-0.0034759476879895365,-0.037855866035193315
-104.51334774513396,-4.38991699008164,-2.4735538077652293,0.15013551333001263,-0.0015495899877482717,-0.036881739199843326
-103.51644462478268,-4.159395632236974,-2.4067226481857333,0.146067097661377,-0.002550212815309951,-0.03766738076926591
-103.51712656181058,-4.103568022662926,-2.400851039295028,0.14663655955167454,-0.0028219625432077114,-0.037763703134755515
-105.5182193198563,-4.074912832965891,-2.315116834787755,0.17325421667054008,-0.023456856899709815,-0.04166433922010338
-105.51650951375667,-4.183969518276537,-2.3736801431132095,0.1692655907540245,-0.02164996695010072,-0.04072309315890055
-104.51826249897786,-4.004215163875585,-2.4023799233031284,0.15917402717631346,-0.019899575159516694,-0.04000101562021379
-103.5188190884601,-3.994685466732132,-2.3389728655861806,0.15406954495383615,-0.020547562273140803,-0.04064184752856368
-104.51829324809327,-4.004351026219269,-2.3983894115144078,0.1593568305278477,-0.02009276434406324,-0.04010780044378462
-104.52009637856636,-3.8942944646446414,-2.3859581127629905,0.11413953988685425,0.038749548454450326,-0.022061442961430974
-104.51978407913539,-3.9507213938891304,-2.3449323405094797,0.11643760544621125,0.0376730022467027,-0.02267321803305982
-103.51903827433362,-3.993196461858655,-2.370115114195843,0.1057679062970637,0.03965637412774549,-0.02189069175674055
-104.51978410718246,-3.950721621003236,-2.344937046951342,0.11642264594410585,0.03769976816472289,-0.02270866474949307
-104.51851225434103,-4.002862115127887,-2.4295328376253393,0.11108032455053103,0.04014555454636033,-0.021336088277409716
-104.517792201047,-4.116341138668026,-2.3584823556780465,0.11501504935814115,0.03832029805938475,-0.022383613654093384
-104.5175497426392,-4.1127470530652275,-2.458040824742146,0.03890383849052392,-0.02673900114075318,-0.039922086083996326
-105.51674477702727,-4.23786497668496,-2.3885835382274663,0.05171679542647287,-0.02963683793964191,-0.04128825088306363
-104.51773555323093,-4.172452720235523,-2.3502500984874204,0.04532907236204017,-0.02961415123027763,-0.04152514651233444
-104.5182347005292,-4.115808813641915,-2.3683101227342775,0.044421057935428734,-0.029206042381301298,-0.0412752339023986
-103.51766051135402,-4.16009977936681,-2.3696011594420026,0.035165788634997,-0.027907752008688405,-0.040901909871480124
-104.51673504857958,-4.283114310564384,-2.33012190311636,0.03573515109337615,-0.02284026860300976,-0.03797909015488634
-104.51716924035578,-4.227231622880629,-2.3551951464589673,0.034375037430729505,-0.022250087248932914,-0.03764018317464311
-104.516407649568,-4.281651505054769,-2.372994120714397,0.03308949799842957,-0.021658847286855774,-0.037357556918847734
-103.51758910642535,-4.159268114803491,-2.3916415161393982,0.023387602221432675,-0.020134532555688752,-0.03677525123591788
-104.51690307772279,-4.226041078879178,-2.390094093439791,0.03219662902253879,-0.021297895637859793,-0.03714132364040592
-104.51601969536323,-4.279916669938723,-2.4238454930049667,0.02993096752243935,-0.020269403457529343,-0.036605320700015764
-104.51702584882862,-4.225823417264342,-2.392615596739659,0.017603735413694265,-0.0031354700238428457,-0.031440391401732944
-104.51653078231445,-4.2814338448289435,-2.3755171674242472,0.018444326138268914,-0.003545901718957004,-0.03168035508435631
-104.51884996845111,-4.117276906911528,-2.3190952798130327,0.022497853258613233,-0.005381454504296438,-0.032619220369667724
-105.51932131352122,-4.0735773381774365,-2.3298077037955864,0.030998227903612192,-0.006317507395176033,-0.032831088730189674
-104.52104721696271,-3.9525757538204895,-2.2786273049260126,0.025574449353368486,-0.006760585920671506,-0.03331638299083234
-104.51907093789102,-4.060441780630836,-2.3720861919765257,0.019445607274401845,-0.003987596826001372,-0.031841278046458046
-103.51935648217967,-4.049875155509137,-2.3399022406731795,0.01582254633006227,-0.00717124613794209,-0.03320840445440717
-104.51791291741009,-4.229957201627568,-2.272292345305162,0.02826193718333493,-0.009998159039379248,-0.03455021639474633
-157.51350757736054,-4.730332700431264,-2.5153175076080774,0.48713311799632925,-0.06665587287111054,-0.05057289531334673
-156.5137064162829,-4.719204337516365,-2.4987725854070453,0.4792168041578844,-0.06592544584321025,-0.05044753107537193
-157.512703754935,-4.78561575213465,-2.5371344251985204,0.48565479069867185,-0.0659294901508164,-0.05015224424627085
-157.51238216611029,-4.783405363286763,-2.598724295610247,0.46528738467519504,-0.059195125191459336,-0.04354130852437378
-156.51405139905836,-4.603276594206155,-2.6383875317978505,0.45451799249757374,-0.05717476792002232,-0.04265139807121639
-157.513216286409,-4.728258193531888,-2.5729136815499367,0.46708014382341856,-0.060006742207912384,-0.04394893813688461
-156.51360206524507,-4.601269390633759,-2.697208944172963,0.45094554072519377,-0.05552983366821536,-0.04171850163174267
-156.51330848066735,-4.658831800500518,-2.6522293523397225,0.45350456328954636,-0.0566859623060218,-0.04237509670888573
-157.51497982568975,-4.50379628482982,-2.6711794133224185,0.46186714637379067,-0.05759377082569795,-0.04255913785230258
-156.51152916259682,-4.708711236869844,-2.8023626736555647,0.4464725476020527,-0.03777373041008586,-0.04012923422544391
-156.51390939702083,-4.544826353349857,-2.737963620250895,0.45098345280715335,-0.03987142461854329,-0.04121268831869644
-156.51342990715287,-4.542683175020459,-2.800775830635561,0.44713089455888333,-0.038129771636760165,-0.040257053544576725
-156.5122298312188,-4.654019002025023,-2.792535938880871,0.44726805909150075,-0.03816892842823127,-0.04030203429184004
-156.51134670989242,-4.707894775748435,-2.8262918876686336,0.44496624197119605,-0.03714311239349211,-0.039800963915579496
-156.5116815913427,-4.7093915978497405,-2.7824229416296014,0.4476572562670874,-0.03836058835919845,-0.04046599178242788
-156.51224725404884,-4.711150303277897,-2.727172541384258,0.4360321113032606,-0.0250402247989688,-0.035610616049743665
-156.51481018295044,-4.548081988177071,-2.6388476170809505,0.44199856855749353,-0.027793482275402594,-0.03707267552697757
-156.51428481342657,-4.603556450878344,-2.625738774845248,0.4426171816781302,-0.02805882536759079,-0.037235688081274504
-157.51534270825533,-4.504654439879182,-2.6415818240686018,0.45096756386314596,-0.028985096896286196,-0.03742794454384492
-157.51704498218396,-4.395563714740721,-2.5840143611759276,0.4549276088048211,-0.030743512228645294,-0.03831632858597233
-155.5173043023418,-4.429657135108606,-2.508504610009087,0.4234289791610432,-0.022837290897485676,-0.03238581935222418
-156.5189373133237,-4.332273119955097,-2.450533880530697,0.43631293042965646,-0.025816624781155734,-0.03369506825582743
-157.51856377597178,-4.34261912412268,-2.4900119496712185,0.44280609976850527,-0.025915544117719007,-0.033487247117438335
-156.51720016662742,-4.500082743148681,-2.429219509921398,0.43702541692433766,-0.026150140212145654,-0.03393622417351932
-156.51788211160695,-4.444255286105495,-2.423350964060594,0.4375855646624304,-0.02640609930177029,-0.03404924188134004
-156.51944741366248,-4.334552277086705,-2.3837318507948475,0.44040637350138245,-0.027686145031205554,-0.03471232430568296
-157.51761780573844,-4.514647262975061,-2.3482914037988687,0.46438170646666355,-0.041883872615696725,-0.040595864697027605
-156.51569940993548,-4.609705198196494,-2.4451120025887305,0.4491320171123027,-0.03781731832946819,-0.03868425614397133
-158.51452891457086,-4.687381190755372,-2.496034660310507,0.4636713903525158,-0.0386907686579937,-0.038636144847034405
-156.51602669814244,-4.611168296395142,-2.4022457476321013,0.4517636564711093,-0.03895909411204368,-0.039348145758946594
-157.51692514708137,-4.51155188018601,-2.4390267430068424,0.4588020330482198,-0.03933103258037195,-0.03924139444527619
-158.51681471110794,-4.464199325147123,-2.5274704564861947,0.4625088139031985,-0.038164715007040786,-0.03828930304352501
-156.51656054871944,-4.439285807660655,-2.5736927869815553,0.4461031100405086,-0.04380404340949753,-0.038701405053875024
-156.51521607110345,-4.549975472001952,-2.5844010246215476,0.44503787465536626,-0.043322138893473396,-0.038500322330342604
-156.51831650048294,-4.272611566121867,-2.5910523410381363,0.44561872158294324,-0.04359060697516437,-0.038532986268324555
-156.51623316369793,-4.437822981628129,-2.6165641816174596,0.4434766131591411,-0.042615570282942945,-0.03804552898330743
-156.51927991738134,-4.160220896152588,-2.630192835785305,0.44366691962620314,-0.042666406977801725,-0.037936374114929075
-156.51517239137183,-4.491024916038628,-2.694277235711367,0.4220911123587041,-0.010664925764895888,-0.029936160744154
-156.51476858014826,-4.547043702861018,-2.665217626218314,0.4236475313123565,-0.011397158262896908,-0.030390804250123804
-156.5141446336173,-4.54425429135928,-2.7469762331450114,0.41860827166474146,-0.009135129817194625,-0.029163962513994328
-156.51469274430437,-4.488881675344272,-2.7570877112481402,0.4182622806581889,-0.008912199715172299,-0.0289587577944784
-156.51444107901423,-4.545580805543841,-2.70808633421299,0.4210715837914913,-0.01018379783740929,-0.02967223994466107
-156.51478426659622,-4.48929016879345,-2.745129365563435,0.41896726911678916,-0.009228326047448637,-0.02917271414330786
-157.51400186794245,-4.611919870138824,-2.7116064319281064,0.4003041717262192,0.023304729003393455,-0.018653719550134413
-157.51458078341327,-4.556683541043828,-2.7177357569596032,0.4001251881466832,0.023385527825517685,-0.018588116450528262
-156.51577720409963,-4.492189932991385,-2.652486229982412,0.39536038340912755,0.022659235595923408,-0.019262231417822843
-156.51839022924472,-4.270470550248336,-2.6410437982578396,0.3968344335304343,0.02195690908119831,-0.019559306362507942
-156.51708335657028,-4.43915198127236,-2.564862398372937,0.40091341016929677,0.020118733066217448,-0.02064428493052634
-156.51624078484693,-4.494045792178045,-2.5973699933094854,0.39361870912371855,0.019354446372807095,-0.018542718685520095
-156.51632497816726,-4.550992405013773,-2.540350809459194,0.356259985706635,-0.03488270300837805,-0.08502839888484193
-156.5178520967463,-4.441119345246441,-2.5057171642223626,0.35879676534620536,-0.03600748899109954,-0.08557526623359818
-157.5158444284893,-4.618683900297676,-2.5118835213178037,0.3667570396774399,-0.036757977094200874,-0.08577188504869501
-156.51565798702077,-4.664709574540722,-2.4623204653512616,0.3606704213397591,-0.03686784585230755,-0.08611476558169585
-156.51520093508103,-4.720490305634624,-2.44024019881131,0.3618465805567313,-0.03735908958112352,-0.08641617601421975
-156.51624240990478,-4.664743095652241,-2.449747177185574,0.3069560296267027,-0.022506651567077606,-0.029986766518583594
-156.51644801432002,-4.665661623735438,-2.42282846993555,0.30859157571356355,-0.023262112178380596,-0.030412169949186146
-156.51744229688074,-4.5534070692117075,-2.4579824893060658,0.30685046618972067,-0.022470168508983385,-0.029909695172490574
-156.51801329653227,-4.555958474193164,-2.3832073390769666,0.31138604953421734,-0.024585627202303107,-0.031090859967049966
-157.51817246263676,-4.568685704310966,-2.3528916636448427,0.32218163366207303,-0.02661099208115136,-0.03193717409676095
-156.51916801250348,-4.386597017307454,-2.479336845613342,0.30605043764401285,-0.022159887055192895,-0.029768602178858992
-157.5200247236434,-4.3436474244362415,-2.439418765112295,0.3183718181729201,-0.032007198382334345,-0.031307729815449256
-156.5168338999852,-4.550768501442665,-2.536012225471719,0.3027292309767702,-0.02776656246251755,-0.0293586064471852
-156.51723007572352,-4.494715839431641,-2.56607191843732,0.30109866539123825,-0.02699291746312285,-0.02891351487058721
-156.51461398038535,-4.6575460179661174,-2.661376840018991,0.29466396561790176,-0.024079047566642774,-0.027383795859664162
-156.51562300750572,-4.603181364233684,-2.612636656660459,0.29785273905564297,-0.025522691648246467,-0.02815124391071496
-156.51480531303687,-4.658359640284545,-2.6373963943328445,0.29512149200704624,-0.02506591664917046,-0.02744178607047404
-156.51367386158867,-4.711340887287109,-2.698498345442572,0.2950681590767753,-0.02970664215110332,-0.02801130336404282
-157.5119480884889,-4.832342386869023,-2.749677807925884,0.3004646929000365,-0.029297119023269366,-0.027551635734784575
-156.51496499051757,-4.600413256489892,-2.694773229791345,0.2956761528196568,-0.029989853257417404,-0.02814782761700471
-156.5142188773984,-4.5970793107867465,-2.792477734075638,0.2897369453118853,-0.027256262208896733,-0.026599290550075413
-157.5154368104309,-4.556713544081674,-2.705483757968267,0.3041448428302562,-0.030975827335971172,-0.028376299628499635
-156.51426314453545,-4.655640182480766,-2.7155856333971804,0.28480415642880347,-0.015645200866887067,-0.02403538525535577
-156.51519665981633,-4.543113572309146,-2.7587189530452827,0.2825211175099655,-0.01466048541069289,-0.023462949681793892
-156.5156458512503,-4.545120491742536,-2.6998912003788886,0.28613024568253886,-0.0163192341921859,-0.02434941765790069
-156.51841882233194,-4.2662937775844725,-2.7494141905062586,0.2840818633757112,-0.015401102014365156,-0.023724890759896068
-156.51852530729002,-4.3245918679724324,-2.6535543395116767,0.2897722873391404,-0.017952092042250296,-0.02515439106996323
-157.5174541462222,-4.44851899696941,-2.6189903755822814,0.3004324454361266,-0.01991400234660234,-0.025995004023198494
-157.51886136631825,-4.280707584151877,-2.672197879533139,0.3045304405706645,-0.03633936941341804,-0.02839013682006762
-156.51925001063333,-4.328251428241067,-2.5488244755117844,0.3029708573840076,-0.03848013645846135,-0.02986685832147045
-156.51795841715042,-4.439179220319363,-2.5525517291345694,0.3024005439302253,-0.03813843273311255,-0.02971101436584411
-156.52046018081052,-4.275838462228078,-2.472195627851852,0.3079452815050541,-0.04065908180095647,-0.030982171711185846
-156.51937142630226,-4.328795535554385,-2.5328662309546743,0.30403937898379707,-0.03887857578528792,-0.03001940967947661
-157.5177742653327,-4.4501564785104755,-2.5728074588906398,0.3049772108378417,-0.040565128496545456,-0.028230410648351474
-156.519896991335,-4.330462461679812,-2.4807925997418914,0.29374678505894136,-0.02804671256763486,-0.025827112160666927
-157.5185017899332,-4.511815909434457,-2.405237033407249,0.30671663120395426,-0.03105793395562884,-0.027272403236504643
-156.51887221615243,-4.4425806237907475,-2.4496206086559744,0.29524380470737455,-0.028774034401232412,-0.026260180855665994
-157.51726839472667,-4.564126553700651,-2.4848502494697056,0.3016194122403998,-0.02878702729155479,-0.026046907338595774
-156.51834276872407,-4.499088583268775,-2.4355507680095765,0.29592410502597927,-0.029038969283492956,-0.026436736217932674
-157.5174391674464,-4.564295236795301,-2.4766297760462126,0.29172004018692055,-0.009516250414383663,-0.021791459534167272
-156.51843001825785,-4.498883136668592,-2.438300727978987,0.2852765394057628,-0.009513382743632223,-0.022089901691034232
-156.51892908564096,-4.442239110982989,-2.456358204228143,0.2843792078733516,-0.009113862509623625,-0.02182776134340951
-157.5162360926656,-4.616741977310337,-2.552255370121091,0.28686803535068756,-0.0073520980574188375,-0.020625599891944815
-157.5188069689705,-4.395885683361666,-2.54482987069139,0.28813982347406536,-0.007930508971273426,-0.02080958619986621
-156.52088760142541,-4.217594202050977,-2.53066066309575,0.2806128426727255,-0.007412197923530418,-0.020801197536645076
-157.5200842168341,-4.284102734049924,-2.5640173650885396,0.26529992851405054,-0.043228919566720515,0.02251036366709824
-157.51891140388838,-4.33668553498606,-2.6356531139552586,0.2607511349459977,-0.04112853287895911,0.02366500997965145
-156.51898830442912,-4.325012863852272,-2.635061981466242,0.25180090110953335,-0.03999848699208014,0.023978462655284204
-156.52114055273194,-4.102285755333292,-2.682477259536179,0.24968170386253352,-0.03904757306547232,0.024597653470885408
-156.51778810858175,-4.436348833685217,-2.626823381799249,0.2519943693125762,-0.03997097956945434,0.023980324022177348
-157.5182013146323,-4.3917845405139255,-2.6605813198388595,0.24549321149233258,-0.04042827902606581,0.028517374266595823
-156.51782090563907,-4.435892521000014,-2.637907413412058,0.2377569423410634,-0.03976674990628079,0.028555041023398568
-156.51755470516727,-4.434701906619821,-2.6728036001302717,0.2356320344309762,-0.03878764264482938,0.0291202215302572
-156.51636258821108,-4.488250006872951,-2.745469768477222,0.2310017695281243,-0.0366740551916497,0.03028126781588625
-156.51629341182633,-4.545765502625731,-2.6725377837200655,0.23529746091910608,-0.03860287630654023,0.029212605138103417
-156.51557810734096,-4.542567743640839,-2.766257679361077,0.22954870662285123,-0.03600382345638887,0.03063669667728309
-156.5179414729916,-4.435667555887524,-2.6403047815372807,0.22421197942385226,-0.015089493017152822,0.034286418435765374
-156.51881398851657,-4.322868913295792,-2.691416159450106,0.2214538077564612,-0.0138544102399973,0.034988898650892046
-156.5189359754122,-4.323413211236421,-2.6754638878318295,0.22243177429577932,-0.014297621002947864,0.03474688260830635
-157.51888982416864,-4.3352219334304305,-2.6720685489356275,0.2315377546497483,-0.0156161440094436,0.03429565636236322
-156.52043299355682,-4.213404049248954,-2.644819535525442,0.22464296502274614,-0.015370792984385652,0.03415112288636318
-158.52007367103562,-4.235830875477016,-2.672923139378953,0.2408123016148225,-0.01695045624217161,0.03386103273476556
-156.51954421448528,-4.269497108348035,-2.649022705196502,0.24627753535723976,-0.04592939670878101,0.025552965553731787
-156.51978816727075,-4.270585949369051,-2.617123570746009,0.2481972678184123,-0.04680775239056263,0.02502238292694232
-156.518557453606,-4.381785550307538,-2.6128678910189347,0.24812623905402922,-0.04673028727867421,0.025078091871774417
-156.51935350208547,-4.326468375075836,-2.5920440571917034,0.24960388582355283,-0.047400190604484464,0.02473645900121856
-157.52095983685183,-4.287837512989628,-2.454200935465391,0.2671380253642803,-0.052531558677313156,0.02219437448418438
-155.5204634836871,-4.374943637170953,-2.4598357077270117,0.16724242617094168,-0.06131467924455239,-0.027161378408072524
-156.51999840591887,-4.384881348457834,-2.5112763245866017,0.17301817346470308,-0.061078710055438516,-0.026753269530074203
-156.52220735766537,-4.219180734403671,-2.4707723621651625,0.17610968914429942,-0.06247197766437427,-0.027433568025441103
-156.52223772754857,-4.219316719088899,-2.466782963274047,0.17633218531793876,-0.062608186026113,-0.02753017204026516
-156.52100744606855,-4.330516582306384,-2.462534008988621,0.17619356098002428,-0.06254667625963978,-0.02754458194023283
-156.52241625501438,-4.278988279435293,-2.359988184135677,0.18267744892777085,-0.06549036243059998,-0.029112970759964708
-157.52038325048554,-4.397771456201727,-2.4710414677060784,0.17098928129807664,-0.026500295333921658,-0.021527218442060066
-156.51982028224683,-4.441063063064261,-2.4722978960803275,0.16177146806219828,-0.025180317969690693,-0.021124993916151635
-157.51991858371443,-4.453518157251134,-2.449958767216703,0.17207366330492108,-0.026993197962795448,-0.021832858942919663
-156.52060427403,-4.386745221034808,-2.4515050811505636,0.16333619280074188,-0.025774095666873807,-0.021380863273350748
-157.5179721544796,-4.561520127605886,-2.539424031479397,0.16630877903191965,-0.024252446722365237,-0.020308481869288603
-157.51951332603244,-4.509815281344032,-2.4385228488378186,0.1571845599824518,-0.015592859701208203,-0.016190836124537887
-156.51812855920699,-4.607254802548489,-2.4655603483724318,0.14609523028363247,-0.013518498728290564,-0.015460615929498812
-156.519717346433,-4.382010148683821,-2.586752306030018,0.13944704029205315,-0.010541564138993384,-0.013732424648811267
-156.5220782820686,-4.216989929890541,-2.526307259380357,0.14380744381180754,-0.012445357091814638,-0.01467956923173826
-157.52095874692736,-4.224002016977649,-2.663491068367929,0.14432473133133433,-0.00983943848012058,-0.012952855239516683
-156.52303081135904,-4.105598832815599,-2.565487406974441,0.1417796148125734,-0.011546569815651575,-0.014142885920672272
-156.52327397099458,-4.0472996113135205,-2.629395940592821,0.1286297821300251,0.003754919629122184,-0.009461991702144295
-156.52104611594277,-4.211864776632782,-2.673853538472936,0.125310701442948,0.005259460065860367,-0.00870594577530472
-156.52063075274972,-4.268882974021997,-2.6448279412311795,0.12688850847207295,0.004556053212022803,-0.009125027541241938
-157.5202265658919,-4.279092909494242,-2.6882936774915107,0.1331525842725905,0.0045796381436744435,-0.008840378870307737
-156.5214038121239,-4.213463818611239,-2.6269968082553485,0.12818036587150916,0.003981159207528279,-0.00943028184379484
-156.52123201937175,-4.27157027899318,-2.5660597439989643,0.13173107048195315,0.002355966295310575,-0.01030974244849845
-155.52179235673668,-4.145528683502973,-2.6639406359671884,0.11897967663373947,-0.007188442990174864,-0.009733672594192453
-157.52169928199376,-4.169146166367985,-2.6571493267202544,0.1372602349364229,-0.009759004744470473,-0.01058060128312223
-157.5222783683879,-4.113909795304101,-2.6632782977975764,0.13706951433933054,-0.009694463683643026,-0.010520516112589829
-157.52277758087598,-4.057265843446653,-2.681336876748824,0.13618545944647606,-0.009272845241382072,-0.010249824826274753
-157.52278096734463,-4.116155144112937,-2.597477987172346,0.14107507712171075,-0.011528027884816786,-0.011549918008135318
-157.52016158291212,-4.278840102297109,-2.6966017798626094,0.13132483574535148,-0.00957831891418225,-0.00900000670068752
-157.5207989117458,-4.281813859123394,-2.6101130854525465,0.13890710964635417,-0.015726631771685016,-0.011205760343570195
-156.51969534571742,-4.322690160837096,-2.682157812306364,0.12536979581090807,-0.01242136199642641,-0.009708266240234478
-157.519446843786,-4.392469533368539,-2.621818141777475,0.13780322493025235,-0.015197687586614782,-0.010964879058120955
-156.51972876307954,-4.381715218897973,-2.594302705991399,0.1305833710282957,-0.014769446474463401,-0.010989138161016224
-156.52029672975289,-4.325377573845569,-2.603392069257203,0.13019628594593033,-0.014619851786840407,-0.010907401298981956
-156.5231954655754,-4.160562625353483,-2.5548612831125643,0.05711533202794313,-0.010792297189554463,-0.06269309480248848
-156.52451730242274,-4.049770916271639,-2.5471448980071343,0.05798823514425672,-0.011196719027302699,-0.06285130554242695
-156.52162995160344,-4.27026549670571,-2.594476378761255,0.05435406933987334,-0.009485726659257562,-0.0619656461103314
-156.52210963664567,-4.272408873347782,-2.531669019434203,0.058165462641560216,-0.011232563626049843,-0.06296111514668278
-156.52187393120218,-4.271354299441835,-2.562576821760765,0.05626936892348533,-0.010372672936434,-0.062497309152833525
-156.51901381099842,-4.433095826106566,-2.6897841257110398,0.04792015991003517,-0.006548816401979153,-0.06044048758405281
-156.51989729855745,-4.494271372775397,-2.532496195996665,0.019037482378055075,-0.027443636218303834,-0.013365224886110244
-206.5145671826742,-5.128990707014863,-2.6776226141850983,0.4565307296423198,-0.08295899375111372,-0.029677614165510992
-206.5157671005772,-5.0176546152240515,-2.6858557902832945,0.4564526425769917,-0.08291425283276638,-0.029565194643784536
-206.51459756906684,-5.129126825322052,-2.673635081977205,0.4567837077475885,-0.08305866124536775,-0.029726694864632322
-208.51391838309337,-5.207946637890608,-2.6617116068327764,0.47518390288615436,-0.08567315087526048,-0.03064184280973496
-206.514274060572,-5.127809276255381,-2.712689609690711,0.4574338452659083,-0.08093129267906718,-0.030125078591988222
-207.51410134641353,-5.139690707149421,-2.710595860420455,0.4778967805726505,-0.10130419284480165,-0.03524776693415741
-206.51439873333123,-5.186826524581106,-2.599191042939792,0.47558595038550866,-0.1030983486230987,-0.03656099852613752
-206.51429245507666,-5.128528516761988,-2.695052237637859,0.46990319937865965,-0.10052693967554899,-0.03513415631372686
-206.5159872326649,-4.961581936113738,-2.7203836541417927,0.4689570909785072,-0.10009740696675842,-0.034814544193694
-208.5141230222066,-5.209627473848903,-2.6163259181262792,0.4924254019594106,-0.1049944239313583,-0.0370231035289315
-206.5149857274142,-5.130260803773549,-2.6377151758933075,0.44674194295893555,-0.07599762805270477,-0.02590258686024018
-207.51409765915935,-5.255004431076136,-2.579225264306774,0.458803066841015,-0.07867147557563675,-0.027167394906708997
-207.51252889685048,-5.305818126394159,-2.7027031642238146,0.4510874656348871,-0.07514249312894265,-0.025207511330266313
-206.5142926842567,-5.184986740148165,-2.6465394072492314,0.4459767030278472,-0.07569709316795888,-0.025781321907316974
-206.51669575251034,-5.021203980743854,-2.5791499811227787,0.45070111284173575,-0.07784959348513806,-0.02686458058287309
-206.51335940067085,-5.297513253704613,-2.6034050828175426,0.448234909242869,-0.07672232362431695,-0.02635258705074192
-206.51401408915822,-5.2423678202982975,-2.60475407786792,0.4461285665361121,-0.05444660429505122,-0.02453126051861981
-207.51443635912796,-5.197396589120007,-2.623406474979963,0.4541175186512869,-0.05520999160521573,-0.02464944964385424
-206.51493517891228,-5.246484094893996,-2.4841148298376843,0.4535228232044968,-0.05779578387903826,-0.026372548149531796
-207.51439386696467,-5.313903325295398,-2.463621929020357,0.46350285555957293,-0.059483571085509356,-0.027038726074363865
-206.5175785952275,-5.024900771314427,-2.4686837952893,0.455249311574682,-0.05860447991583998,-0.026723607712066697
-207.51711889147472,-5.034257284587513,-2.5353844861889896,0.4450714454350686,-0.0677718301279719,-0.021579733268746962
-207.51520359821546,-5.142395504378601,-2.620868190626434,0.43942524255543186,-0.06521873439524414,-0.020234504242139593
-207.51863111395136,-4.866494416473581,-2.5846478349863715,0.4426368745193392,-0.06666821556879057,-0.020932767467568086
-207.51925209269174,-4.810394681733231,-2.586753175131764,0.44270717678962856,-0.06672583524524679,-0.02090834922761211
-207.51680703210704,-4.975040734564904,-2.658164340499674,0.4377485845997731,-0.06445104788590762,-0.019728377339765582
-207.51457957424762,-5.139605882439932,-2.702622729995068,0.43438725000652667,-0.06298439710341687,-0.019007185211684735
-207.51451880772038,-5.139757846499323,-2.700523174543036,0.4418349984808157,-0.07733823061371405,-0.022150741630775628
-206.51517906487427,-5.013993772530022,-2.7889272805099683,0.4278812754228432,-0.07386723137116148,-0.020482964533000407
-206.51502964298368,-5.072202457629935,-2.725001445425386,0.43166080726325634,-0.07551084114554779,-0.021374428422429727
-207.51401617466232,-5.137512576444488,-2.76632440694124,0.43786182965222026,-0.07546611589190197,-0.02109185230048163
-207.51361235334625,-5.1935312802510305,-2.737262572977176,0.43943877875428405,-0.07619856887033774,-0.02151479368153539
-206.5122231795702,-5.292004073328342,-2.7633324406912507,0.4284991617776302,-0.07408651011667995,-0.02071117353541371
-207.51219993622615,-5.24498616943819,-2.865601192502545,0.4107685722761277,-0.04428585035012847,-0.011398490012872346
-206.51191902105816,-5.2317145474812135,-2.911867050273669,0.39900477645110777,-0.04182050935905138,-0.010308226184347872
-207.51117508329799,-5.357104509978709,-2.8344319827985,0.4122900838881401,-0.04496975942240753,-0.011806440166385004
-206.51107685155478,-5.344649440160578,-2.856771616780664,0.4019852187758911,-0.04315755195966728,-0.011096487168473553
-206.51184257059515,-5.289196189815218,-2.8399359099640713,0.40321663129140184,-0.04371819936536261,-0.01137921569816648
-206.51417652925394,-5.124930568037601,-2.7863742608641386,0.40223943039768945,-0.05180778158973807,-0.011002790501852135
-207.5134218221611,-5.191397103509782,-2.7937944739856255,0.41051333804487383,-0.05274135002343944,-0.011233996794709437
-207.51559967952198,-5.085482946781205,-2.6724525105857855,0.418348992986758,-0.05628761881677893,-0.013129633671531684
-207.5148231002974,-5.082013113585746,-2.7741496985001635,0.41211920634557925,-0.053449088863175315,-0.01158090159682607
-207.51625095198963,-5.029519578186819,-2.670575307491976,0.4186598994741796,-0.056410191162235925,-0.013196471157650104
-206.5151740584644,-5.071565209147651,-2.737666711299173,0.40541227220682036,-0.053264998770804546,-0.011781318304252959
-206.51685326359217,-5.020276972736464,-2.5994516429157377,0.41483533288455937,-0.06460827362844605,-0.014467566031755495
-206.51655942831593,-5.077839332525907,-2.5544705782172996,0.4174169527499919,-0.06575252955360604,-0.015103015730842568
-206.51603401280713,-5.133313892227267,-2.5413651311920185,0.4179771853999111,-0.06605129073237888,-0.015318601690313205
-207.51328035840993,-5.307544621996296,-2.6452394811873017,0.4199449187291838,-0.06408925397091472,-0.014033946537672832
-206.51654413090873,-5.1355931991699855,-2.474565503120155,0.42208801141193714,-0.06788504923560745,-0.016323708580613005
-207.5148324355182,-5.256443533105567,-2.5294535955257644,0.4222009017741862,-0.06912852339857223,-0.01421563504982365
-207.51494178375978,-5.256380786804655,-2.5283304630912107,0.41239206876032136,-0.052624344746523465,-0.010173674167258284
-207.51421074494485,-5.310936668327624,-2.542139991177913,0.41134894482648265,-0.05216352717060189,-0.009931959271555775
-206.5151102463499,-5.245116438820997,-2.5157763503891495,0.4042002779967476,-0.05179264431621344,-0.010020815557218411
-207.515357682999,-5.199362774333635,-2.557361630929015,0.41073215628684606,-0.0519609732197589,-0.00983414260035508
-206.51425738707076,-5.299127961839194,-2.545537859606844,0.4021433149565098,-0.05092333708825444,-0.009578302674952731
-207.5157941131427,-5.200295726926527,-2.5242810659804755,0.39528063261346547,-0.017403322293139088,-0.002812020092091953
-207.51520037423717,-5.197642039169102,-2.602043871119607,0.3905285052026367,-0.015269737296302974,-0.0015942841922558877
-206.51525457273078,-5.128045569041377,-2.6863451574348356,0.3766348053016961,-0.011817579955241415,3.960828955542733e-05
-206.51657590183714,-5.017254155882076,-2.6786331868469806,0.3775470018168911,-0.012145240789595994,-9.787999415415834e-05
-207.5141604379465,-5.251870912295813,-2.654776370165483,0.3871533039095195,-0.013622759987369767,-0.0007250049271486917
-206.5140208529742,-5.180356583044634,-2.7659638866098497,0.3716014506737337,-0.009438217134692551,0.0013082782466275625
-206.51205572441606,-5.401177767027452,-2.7919083774416347,0.2737806976888366,-0.05421533595528885,-0.007766571714989146
-206.51355273291819,-5.291168720730582,-2.761265595867822,0.27602552164070093,-0.055248494610753124,-0.008319156372575241
-207.51296592504607,-5.300562132486834,-2.828658287334888,0.28082389060988144,-0.054571647537714464,-0.007664886183394349
-207.5122228596139,-5.356117304247248,-2.842499575017408,0.279801923974365,-0.05408712707212836,-0.0074183875364548825
-206.51172075087953,-5.399681060577391,-2.8357796764708243,0.27107956147042683,-0.05298338140864067,-0.007131790000647295
-207.5118911615055,-5.412843870808612,-2.794006938192338,0.2917046623380991,-0.05216739076720494,-0.01100431854639929
-206.51056104715224,-5.5120501111295725,-2.8010857607397597,0.29032426726449445,-0.06462320602239995,-0.013923308312409621
-206.51255298911764,-5.346430297058678,-2.7875349540725676,0.2917339019928886,-0.065291746843721,-0.014217289555299143
-207.51408372836528,-5.189714839670805,-2.8263878662260433,0.2988716070186558,-0.06569310102353769,-0.01408308953100737
-206.51482295103204,-5.1810018021429185,-2.7390545836132163,0.295297162794618,-0.0669243287174048,-0.01503779762196232
-207.51406436915192,-5.248502036633881,-2.745517659914001,0.30363340083812224,-0.0678263778551338,-0.015290430605374716
-207.51472197148345,-5.192818511637621,-2.73739574690035,0.30710057214756514,-0.08725694345278495,-0.017317031843299087
-206.5159486649752,-5.128460914348345,-2.6681561247813805,0.3026119991026411,-0.0880777764010112,-0.018020569511236966
-206.51674037621518,-5.07417713459916,-2.646369518695849,0.3041382731563954,-0.08876659174773038,-0.018404714891004578
-206.51721247692342,-5.076286238893333,-2.5845524090438046,0.30796625120088,-0.09046699238483248,-0.01928792199990504
-206.51724302638726,-5.076422207625338,-2.5805626446650707,0.308198116041462,-0.09060489946068531,-0.019353288551269665
-208.51554331497834,-5.2085052568806915,-2.6203368675579015,0.3232299490858672,-0.09170087345316123,-0.01944609921314315
-207.51667359255234,-5.142097907953977,-2.6027280437084794,0.2858589817001776,-0.047478999189107515,-0.007428936046566388
-207.51561831277004,-5.254080509369303,-2.575553904288977,0.2871134104151314,-0.048017715212083555,-0.007815177017598932
-207.5160067186035,-5.255815463710356,-2.5247058707641736,0.2902322580704321,-0.049428658920556555,-0.00858737453622709
-207.51510785430972,-5.251801015466438,-2.642348086809169,0.2830814233765372,-0.04614590292514417,-0.006735314736628953
-207.51530566140332,-5.3105073242206915,-2.5345250066016414,0.2894548942189069,-0.04907287504297885,-0.008389038702714055
-206.5145697022979,-5.353562067102793,-2.569881776899087,0.2671936097089948,-0.0429601561243554,-0.0036453890691354883
-207.51455379485998,-5.365507063987921,-2.5625019321508624,0.27655852009177434,-0.04434153193559406,-0.004166108620550133
-207.5124369859813,-5.471693283700086,-2.675865964032989,0.26921548129472456,-0.04103051696129198,-0.0023759259837638665
-207.51469548555667,-5.3072641943425936,-2.627421570606762,0.272727060335505,-0.04268892900707675,-0.0032377496623169463
-207.51516040236675,-5.25151753850104,-2.6485053610115235,0.27163331534869317,-0.042199419785236836,-0.002935953707779272
-206.51502387449327,-5.238892376736735,-2.675829285549632,0.2610540201991823,-0.04022207897992709,-0.0021256024281742555
-207.51535165385226,-5.194011367158998,-2.694492195934078,0.27849271683211,-0.05466119647961474,-0.0059930913406399415
-207.51609766482818,-5.197345199353061,-2.59678429100593,0.28448542853018716,-0.057371758949414854,-0.007477452678608361
-207.51342361791927,-5.418792547472355,-2.616204252147366,0.282555199039902,-0.05640307178833767,-0.007035870744505081
-206.51642598140714,-5.12897359031561,-2.6451963204527047,0.2728005733820899,-0.05488130891598587,-0.006387688773950011
-207.5147759699121,-5.308137030748165,-2.6045026635550768,0.28363612417286155,-0.05693013978089324,-0.007297553418578326
-207.51379706134523,-5.36263766989158,-2.6492533444082147,0.28068696882660343,-0.05561209863992173,-0.006594789750401658
-206.51553870807487,-5.241023526913344,-2.612793225171867,0.2609232159409795,-0.04332817495544453,-0.0017699517795141573
-207.5138738362588,-5.362297174624476,-2.6559965138593076,0.26680890647629796,-0.043140467038526635,-0.0014305654616308654
-207.512845921183,-5.4155263319053555,-2.708690564962987,0.26335434611286296,-0.041622241451416665,-0.0006209237436376986
-206.51638124212593,-5.128088630675813,-2.66789043758378,0.2578690736454927,-0.042053393332247814,-0.0010439154940914826
-207.5140457065916,-5.304190239695491,-2.7169239017540248,0.26327497827837054,-0.041574409888792435,-0.0005186520179320289
-207.5135661674123,-5.360667184001423,-2.7023008951894614,0.25964698600095487,-0.03259832214293983,0.0011595605734603972
-207.51403853051843,-5.362776494633796,-2.6404897312222793,0.2633950236722299,-0.03432660216722716,0.00017891162052535475
-207.5152909935601,-5.309500333264127,-2.55984163562087,0.2685848503085809,-0.036635636559093396,-0.0010311166107798322
-206.51350572449707,-5.406203977785168,-2.6377528523713236,0.2544780006758202,-0.03310052470392445,0.0005759570461242018
-207.51415669820327,-5.30443157578827,-2.708398092891047,0.25947441520227793,-0.0325075323377951,0.001220946623163853
-206.51488847181835,-5.295684598814565,-2.6220647687615495,0.2557915102954568,-0.03373746728626753,0.00023953145793540197
-207.5153156526908,-5.251168308761372,-2.654788656218605,0.24601205098191897,-0.06182563072440949,0.04218970412135164
-206.51607407049693,-5.18366829500763,-2.6483292585162994,0.23769518541366108,-0.060874676215415445,0.042451397099447105
-207.51345309955107,-5.35954457290464,-2.7332901355774526,0.2408455710855484,-0.05943709140892007,0.04347773747641675
-206.51458055295873,-5.352566374625626,-2.5951069496362247,0.240382517900075,-0.06210103782285582,0.04174703137368559
-207.5135445543714,-5.359952683145901,-2.7213238352011877,0.24157284549969996,-0.05979197426731552,0.0432942655941402
-207.51643136058982,-5.138982266907905,-2.6863305923178187,0.23327345110128758,-0.0650532821644328,0.0461567129309617
-207.51545272438818,-5.250498422002934,-2.668472227668105,0.21947965852573947,-0.04117552141350957,0.05186300019633543
-207.5159931840789,-5.252913750572946,-2.5976838327463243,0.22382152635183364,-0.0431387448583636,0.05078679363259263
-206.51679044107064,-5.127762163730166,-2.6681456875459553,0.21091815084972487,-0.040178063541013706,0.05211409265660436
-207.5154802096617,-5.191745608129139,-2.748353555746292,0.21473307007432152,-0.0390526360111395,0.05299990598486531
-206.5158540086279,-5.181399672044088,-2.7088773695199317,0.2082224526342263,-0.038956035935472644,0.05277128127974504
-206.51677596876905,-5.184050687973556,-2.6298450183284166,0.16686391847157295,-0.09881670851403782,-0.012374672056424573
-207.51749875809247,-5.083651793893698,-2.689554607751979,0.17257408934510085,-0.09849385676583002,-0.01185136287601243
-207.51724693101784,-5.140350986590564,-2.640553896907403,0.17540596797434324,-0.09973540356366303,-0.012551944989671202
-207.51785619138312,-5.085250729379943,-2.6426953081183435,0.1754704857155103,-0.09976523234276943,-0.01254753488333975
-207.51688948188456,-5.13875218212278,-2.6874157334213824,0.17250793266437392,-0.09844403259123338,-0.011866726269726968
-207.51754390952544,-5.141677648298379,-2.601669316517414,0.17776613532636765,-0.10084405553877142,-0.013166287602958186
-206.51474554843233,-5.290405715482713,-2.76049944794841,0.1364845685688786,-0.05190009450382194,-0.0009489043073358548
-206.5160702051464,-5.238503343046608,-2.6689236347134133,0.14227881631858186,-0.054519602377645145,-0.0024113947020758465
-206.51564383626055,-5.294419834009234,-2.642849550555425,0.1436921601002001,-0.055184095871620806,-0.002741465290133343
-206.51660782076888,-5.182029319826186,-2.681995301023489,0.14164892592525594,-0.054310721416001885,-0.002234950135287678
-207.5179858320168,-5.084556215542981,-2.6559663443697996,0.15255415061046854,-0.056394967968360576,-0.0030682330315688617
-207.51784567995148,-5.141364008102221,-2.602469350375273,0.14645202629045534,-0.060981651212757386,-0.0009751963298226344
-206.51758643085319,-5.127465918143203,-2.663217586654371,0.12080485688100824,-0.0363856866758252,0.005628523277436481
-206.51893870990276,-5.016810353989575,-2.6515143145745346,0.1219186522007469,-0.03689274072649999,0.00539808158170752
-207.5190137715519,-5.0291629196081304,-2.632155557770575,0.13209973608516884,-0.03864233176703662,0.0048064200623093405
-207.5188772706921,-4.97072898674527,-2.732008807552755,0.1261331151098029,-0.035970688413592786,0.006257694943579082
-207.52123854149517,-4.805708773891687,-2.6715653394699768,0.1304363647819364,-0.03791937014730705,0.005256725033823802
-206.5208521859734,-4.792483358255601,-2.7186727848795518,0.1295590949916523,-0.03931349990170341,0.0024718165007133436
-206.52031181540104,-4.790067953733215,-2.789459036601058,0.12524706720406226,-0.03734343341284214,0.0035953919123905553
-207.5222302273457,-4.695010014357843,-2.6926380479578365,0.14051023582911112,-0.04140065711545439,0.0016993403281181207
-207.5204176535597,-4.802556955317342,-2.7661206176688755,0.13561791850258972,-0.03919513091655913,0.0028858925459100456
-207.52092017111494,-4.804802148204933,-2.700317024971776,0.13964295514308886,-0.041032499502140656,0.0018725351742432824
-207.51726763112785,-5.080750075715762,-2.764487669926128,0.13471618542774189,-0.03879625673832053,0.002982488794378272
-208.51702312281265,-5.090187721787286,-2.8259009246136033,0.10198865081296628,-0.07623070528915105,0.05182708533590525
-207.51764063952382,-5.080930409313985,-2.754520512395217,0.09743016578841866,-0.0770228175761457,0.05111454139540592
-206.51897802541197,-4.958194079384266,-2.7541918102557514,0.0889007733504696,-0.07601423126026959,0.05141039623453269
-208.51792159149713,-5.094202079722877,-2.7082558754273514,0.10918544024644403,-0.07948884918415217,0.05001946450433178
-207.51955256256076,-4.913903035079931,-2.7529007692749596,0.09810072800346517,-0.07736512993371895,0.05097935425974999
-207.51890253806025,-4.971139009804392,-2.7216810257815864,0.13185051326654265,-0.04676045636862374,0.003913940166495025
-207.5189702226014,-5.02888332905961,-2.6399978787919154,0.12983045832773848,-0.037495837823032216,0.005509756245575175
-206.51830122831214,-5.0138769267568355,-2.7371157882046155,0.1149201691045083,-0.033616412087355316,0.0073414646180912195
-207.51922191931135,-4.972184319444433,-2.6890024472766125,0.1269874322200002,-0.03623704903536018,0.006199299887532848
-207.5190006538646,-5.029019421583562,-2.6360101773632416,0.13007450731493206,-0.03760514102756941,0.005451021546326906
-207.51989127696956,-5.032999608721959,-2.5193589257968547,0.1372289943303043,-0.040840786223615554,0.0036779251215037796
-207.51990483542662,-5.088422736615005,-2.5248012032476477,0.05382669071430202,-0.037193710102638826,-0.045243737616023974
-207.51893745200422,-5.141923857925585,-2.56951360147691,0.05093931162187146,-0.035859393320452924,-0.04448237527630697
